{
  "config": {
    "bit_sizes": [
      14,
      16,
      18,
      20
    ],
    "count_per_size": 60,
    "n_semiprimes": 240,
    "n_features": 38,
    "feature_names": [
      "ac_p",
      "ac_q",
      "ac_factor_mean",
      "ac_random_mean",
      "ac_random_std",
      "ac_p_zscore",
      "ac_q_zscore",
      "gauss_ratio",
      "gauss_phase",
      "dw_gcd_2",
      "dw_gcd_3",
      "dw_gcd_4",
      "dw_gcd_5",
      "dw_gcd_6",
      "dw_gcd_7",
      "dw_gcd_8",
      "dw_gcd_9",
      "dw_gcd_10",
      "dw_gcd_11",
      "dw_gcd_12",
      "dw_gcd_13",
      "dw_gcd_14",
      "dw_gcd_15",
      "dw_gcd_16",
      "dw_gcd_17",
      "dw_gcd_18",
      "dw_gcd_19",
      "dw_gcd_20",
      "dw_gcd_21",
      "dw_gcd_22",
      "dw_gcd_23",
      "dw_gcd_24",
      "dw_gcd_25",
      "dw_gcd_26",
      "dw_gcd_27",
      "dw_gcd_28",
      "dw_gcd_29",
      "dw_gcd_30"
    ],
    "target_names": [
      "S_-3",
      "S_-4",
      "S_5",
      "S_-7",
      "S_8"
    ],
    "compute_time_s": 41.883031129837036,
    "dw_m_max": 30,
    "n_random_lags": 30
  },
  "targets": {
    "S_-3": {
      "top_correlations": [
        [
          "ac_random_std",
          0.1093642652898998
        ],
        [
          "dw_gcd_2",
          0.09654118477681196
        ],
        [
          "dw_gcd_3",
          0.09654118477681196
        ],
        [
          "dw_gcd_4",
          0.09654118477681196
        ],
        [
          "dw_gcd_5",
          0.09654118477681196
        ],
        [
          "dw_gcd_6",
          0.09654118477681196
        ],
        [
          "dw_gcd_7",
          0.09654118477681196
        ],
        [
          "dw_gcd_8",
          0.09654118477681196
        ],
        [
          "dw_gcd_9",
          0.09654118477681196
        ],
        [
          "dw_gcd_10",
          0.09654118477681196
        ]
      ],
      "max_abs_r": 0.1093642652898998,
      "all_correlations": {
        "ac_p": -0.04690313381662303,
        "ac_q": -0.08308095439607967,
        "ac_factor_mean": -0.07072771801528423,
        "ac_random_mean": 0.04238920749811835,
        "ac_random_std": 0.1093642652898998,
        "ac_p_zscore": -0.04022543930006623,
        "ac_q_zscore": -0.02033683211352339,
        "gauss_ratio": 0.015798041093459225,
        "gauss_phase": -0.03416155623679608,
        "dw_gcd_2": 0.09654118477681196,
        "dw_gcd_3": 0.09654118477681196,
        "dw_gcd_4": 0.09654118477681196,
        "dw_gcd_5": 0.09654118477681196,
        "dw_gcd_6": 0.09654118477681196,
        "dw_gcd_7": 0.09654118477681196,
        "dw_gcd_8": 0.09654118477681196,
        "dw_gcd_9": 0.09654118477681196,
        "dw_gcd_10": 0.09654118477681196,
        "dw_gcd_11": 0.09654118477681196,
        "dw_gcd_12": 0.09654118477681196,
        "dw_gcd_13": 0.09654118477681196,
        "dw_gcd_14": 0.09654118477681196,
        "dw_gcd_15": 0.09654118477681196,
        "dw_gcd_16": 0.09654118477681196,
        "dw_gcd_17": 0.09654118477681196,
        "dw_gcd_18": 0.09654118477681196,
        "dw_gcd_19": 0.09654118477681196,
        "dw_gcd_20": 0.09654118477681196,
        "dw_gcd_21": 0.09654118477681196,
        "dw_gcd_22": 0.09654118477681196,
        "dw_gcd_23": 0.09654118477681196,
        "dw_gcd_24": 0.09654118477681196,
        "dw_gcd_25": 0.09654118477681196,
        "dw_gcd_26": 0.09654118477681196,
        "dw_gcd_27": 0.09654118477681196,
        "dw_gcd_28": 0.09654118477681196,
        "dw_gcd_29": 0.09654118477681196,
        "dw_gcd_30": 0.09654118477681196
      },
      "r2_cv": 0.010103388632611954,
      "perm_p_value": 0.06,
      "null_95th": 0.011733582226683147
    },
    "S_-4": {
      "top_correlations": [
        [
          "ac_q_zscore",
          -0.0976435070725636
        ],
        [
          "ac_p_zscore",
          -0.07428126511263755
        ],
        [
          "ac_p",
          0.07324406419049216
        ],
        [
          "ac_random_std",
          -0.06856039139909975
        ],
        [
          "gauss_phase",
          0.06477008010431573
        ],
        [
          "ac_factor_mean",
          0.061090604273571575
        ],
        [
          "dw_gcd_2",
          -0.06058063231248559
        ],
        [
          "dw_gcd_3",
          -0.06058063231248559
        ],
        [
          "dw_gcd_4",
          -0.06058063231248559
        ],
        [
          "dw_gcd_5",
          -0.06058063231248559
        ]
      ],
      "max_abs_r": 0.0976435070725636,
      "all_correlations": {
        "ac_p": 0.07324406419049216,
        "ac_q": 0.05078340146653404,
        "ac_factor_mean": 0.061090604273571575,
        "ac_random_mean": 0.030915916181591455,
        "ac_random_std": -0.06856039139909975,
        "ac_p_zscore": -0.07428126511263755,
        "ac_q_zscore": -0.0976435070725636,
        "gauss_ratio": 0.007732816168531057,
        "gauss_phase": 0.06477008010431573,
        "dw_gcd_2": -0.06058063231248559,
        "dw_gcd_3": -0.06058063231248559,
        "dw_gcd_4": -0.06058063231248559,
        "dw_gcd_5": -0.06058063231248559,
        "dw_gcd_6": -0.06058063231248559,
        "dw_gcd_7": -0.06058063231248559,
        "dw_gcd_8": -0.06058063231248559,
        "dw_gcd_9": -0.06058063231248559,
        "dw_gcd_10": -0.06058063231248559,
        "dw_gcd_11": -0.06058063231248559,
        "dw_gcd_12": -0.06058063231248559,
        "dw_gcd_13": -0.06058063231248559,
        "dw_gcd_14": -0.06058063231248559,
        "dw_gcd_15": -0.06058063231248559,
        "dw_gcd_16": -0.06058063231248559,
        "dw_gcd_17": -0.06058063231248559,
        "dw_gcd_18": -0.06058063231248559,
        "dw_gcd_19": -0.06058063231248559,
        "dw_gcd_20": -0.06058063231248559,
        "dw_gcd_21": -0.06058063231248559,
        "dw_gcd_22": -0.06058063231248559,
        "dw_gcd_23": -0.06058063231248559,
        "dw_gcd_24": -0.06058063231248559,
        "dw_gcd_25": -0.06058063231248559,
        "dw_gcd_26": -0.06058063231248559,
        "dw_gcd_27": -0.06058063231248559,
        "dw_gcd_28": -0.06058063231248559,
        "dw_gcd_29": -0.06058063231248559,
        "dw_gcd_30": -0.06058063231248559
      },
      "r2_cv": 0.0028347566436155436,
      "perm_p_value": 0.16,
      "null_95th": 0.007762964352469403
    },
    "S_5": {
      "top_correlations": [
        [
          "ac_random_mean",
          -0.13063044576284324
        ],
        [
          "ac_p",
          0.12010818562360584
        ],
        [
          "dw_gcd_2",
          -0.11513456517295494
        ],
        [
          "dw_gcd_3",
          -0.11513456517295494
        ],
        [
          "dw_gcd_4",
          -0.11513456517295494
        ],
        [
          "dw_gcd_5",
          -0.11513456517295494
        ],
        [
          "dw_gcd_6",
          -0.11513456517295494
        ],
        [
          "dw_gcd_7",
          -0.11513456517295494
        ],
        [
          "dw_gcd_8",
          -0.11513456517295494
        ],
        [
          "dw_gcd_9",
          -0.11513456517295494
        ]
      ],
      "max_abs_r": 0.13063044576284324,
      "all_correlations": {
        "ac_p": 0.12010818562360584,
        "ac_q": 0.09725578504596356,
        "ac_factor_mean": 0.1089174826913733,
        "ac_random_mean": -0.13063044576284324,
        "ac_random_std": -0.11499265306197563,
        "ac_p_zscore": -0.05699911011160597,
        "ac_q_zscore": -0.054128541016351485,
        "gauss_ratio": -0.0647365646380805,
        "gauss_phase": -0.0512947218953146,
        "dw_gcd_2": -0.11513456517295494,
        "dw_gcd_3": -0.11513456517295494,
        "dw_gcd_4": -0.11513456517295494,
        "dw_gcd_5": -0.11513456517295494,
        "dw_gcd_6": -0.11513456517295494,
        "dw_gcd_7": -0.11513456517295494,
        "dw_gcd_8": -0.11513456517295494,
        "dw_gcd_9": -0.11513456517295494,
        "dw_gcd_10": -0.11513456517295494,
        "dw_gcd_11": -0.11513456517295494,