{
  "n_semiprimes": 60,
  "n_forms": 19,
  "n_s_points": 10,
  "weights": [
    12,
    16,
    18,
    20,
    22,
    24,
    24,
    26,
    28,
    28,
    30,
    30,
    32,
    32,
    34,
    34,
    36,
    36,
    36
  ],
  "form_labels": [
    "k12_0",
    "k16_0",
    "k18_0",
    "k20_0",
    "k22_0",
    "k24_0",
    "k24_1",
    "k26_0",
    "k28_0",
    "k28_1",
    "k30_0",
    "k30_1",
    "k32_0",
    "k32_1",
    "k34_0",
    "k34_1",
    "k36_0",
    "k36_1",
    "k36_2"
  ],
  "r2_vs_K": [
    -0.005184798967323712,
    -0.012903745240718356,
    -0.01014525368458763,
    -0.014171107360900326,
    -0.019601972443642035,
    -0.021306401163048827,
    -0.02784207520778259,
    -0.03445320282559239,
    -0.021890960470457577,
    -0.027484147090137467,
    -0.01641159240604151,
    -0.002898974303465307,
    0.024026374000678197,
    0.09269340250517766,
    0.07692440430062075,
    0.06724066559837383,
    0.07390600559650407,
    0.03563576870276741,
    0.058133833910348875
  ],
  "r2_null_vs_K": [
    [
      -0.0010641128804159683,
      0.059990738081812815
    ],
    [
      -0.001393565140900721,
      0.07915003552329916
    ],
    [
      -0.0075695167525147156,
      0.05657526433200882
    ],
    [
      -0.0069555017845994715,
      0.06277456009795643
    ],
    [
      -0.0022206070291785895,
      0.05344407064091719
    ],
    [
      -0.003369170094769558,
      0.0639309629049088
    ],
    [
      -0.008006391876577479,
      0.06317151520921593
    ],
    [
      -0.003413024263015041,
      0.05105125696497229
    ],
    [
      -0.0039521051636371984,
      0.04748074070836944
    ],
    [
      -0.006650229638699878,
      0.05712610115652139
    ],
    [
      -0.0112469159666575,
      0.0565643373902129
    ],
    [
      -0.01996777966747809,
      0.06753549299676812
    ],
    [
      -0.01941122107566262,
      0.07020545631732247
    ],
    [
      -0.020238763629858658,
      0.07203189800205463
    ],
    [
      -0.01986641603614714,
      0.0748402619499708
    ],
    [
      -0.019791654728823493,
      0.08216987635143316
    ],
    [
      -0.01603153755125497,
      0.0878645858616109
    ],
    [
      -0.01671753209132032,
      0.07627796549993399
    ],
    [
      -0.01910362467442861,
      0.07043886589194237
    ]
  ],
  "r2_critical_line": 0.21323513468773092,
  "r2_slightly_right": -0.03237281593546082,
  "top_correlations": [
    {
      "form": "k36_2",
      "s": "k/2+0.5i",
      "r": 0.49123920656575853,
      "p": 6.736194434227307e-05
    },
    {
      "form": "k36_1",
      "s": "k/2+0.5i",
      "r": 0.4912388637859316,
      "p": 6.736285322264641e-05
    },
    {
      "form": "k36_0",
      "s": "k/2+0.5i",
      "r": 0.4912376137401473,
      "p": 6.736616781352941e-05
    },
    {
      "form": "k32_1",
      "s": "k/2+0.5i",
      "r": 0.43384798410510284,
      "p": 0.0005340670753368729
    },
    {
      "form": "k32_0",
      "s": "k/2+0.5i",
      "r": 0.4338476091438123,
      "p": 0.0005340736820244705
    },
    {
      "form": "k30_1",
      "s": "k/2+3.0i",
      "r": -0.3613088263834371,
      "p": 0.004563804163814194
    },
    {
      "form": "k30_0",
      "s": "k/2+3.0i",
      "r": -0.3613045161547424,
      "p": 0.0045643232463082745
    },
    {
      "form": "k18_0",
      "s": "k/2+2.0i",
      "r": 0.30440512394619823,
      "p": 0.018043204308452014
    },
    {
      "form": "k30_1",
      "s": "k/2+1.0i",
      "r": -0.281875181104985,
      "p": 0.029115533694050125
    },
    {
      "form": "k30_0",
      "s": "k/2+1.0i",
      "r": -0.28187297429168806,
      "p": 0.029116848419038277
    },
    {
      "form": "k28_0",
      "s": "k/2+0.5i",
      "r": 0.255776726376353,
      "p": 0.04855180564589766
    },
    {
      "form": "k28_1",
      "s": "k/2+0.5i",
      "r": 0.255775263692033,
      "p": 0.0485531366415226
    },
    {
      "form": "k16_0",
      "s": "k/2+0.5i",
      "r": 0.25399283101507325,
      "p": 0.05019740871815028
    },
    {
      "form": "k30_0",
      "s": "k/2+0.5i",
      "r": -0.253760567966907,
      "p": 0.05041497653053441
    },
    {
      "form": "k30_1",
      "s": "k/2+0.5i",
      "r": -0.25376037130699763,
      "p": 0.05041516107332856
    },
    {
      "form": "k32_1",
      "s": "k/2+1.5i",
      "r": -0.25214688818066716,
      "p": 0.051947891731639634
    },
    {
      "form": "k32_0",
      "s": "k/2+1.5i",
      "r": -0.25214626392778877,
      "p": 0.05194849200508479
    },
    {
      "form": "k12_0",
      "s": "k/2+1.0i",
      "r": -0.2472526124060337,
      "p": 0.056830808971808144
    },
    {
      "form": "k26_0",
      "s": "k/2+0.5i",
      "r": -0.23674288340044028,
      "p": 0.06857466072599289
    },
    {
      "form": "k28_0",
      "s": "k/2+1+3.0i",
      "r": 0.2284425871375526,
      "p": 0.07915998475695832
    }
  ]
}