{
  "n_semiprimes": 23,
  "N_range": [
    55,
    493
  ],
  "weight": 2,
  "good_primes": [
    2,
    3,
    5,
    7,
    11,
    13,
    17,
    19,
    23,
    29
  ],
  "max_moment": 3,
  "r2_raw": 0.9817085908015918,
  "r2_residualized": 0.9938005168802194,
  "r2_baseline_dim_logN": 0.8081551048423681,
  "r2_dim_only": 0.7254128134045871,
  "r2_logN_only": 0.8179438629438103,
  "null_50th": 0.007713334337827504,
  "null_95th": 0.658639329274641,
  "null_99th": 0.9304485536123491,
  "significant_95": true,
  "significant_99": true,
  "r2_binary_raw": 0.9954659783078238,
  "r2_binary_resid": 0.9995689875181453,
  "r2_vs_K": [
    -5.7568398899920936e-05,
    0.0346156500316096,
    -0.00010733264883255877,
    0.024905572601938597,
    0.6151908949395518,
    0.5043716424820353,
    0.9675284566926748,
    0.9862873371918093,
    0.9929035337560894,
    0.9938005168802171
  ],
  "per_prime_r2": {
    "m1(T_2)": -6.44498391211279e-05,
    "m2(T_2)": -0.00011398135636331297,
    "m3(T_2)": 0.01597365830455444,
    "m1(T_3)": -0.00013888960282271157,
    "m2(T_3)": -5.335840726505836e-05,
    "m3(T_3)": -3.0503949478566383e-05,
    "m1(T_5)": -8.879711162501636e-05,
    "m2(T_5)": -5.860990779882336e-05,
    "m3(T_5)": 0.05746545342455389,
    "m1(T_7)": -5.160564454653738e-06,
    "m2(T_7)": 0.021104442582180916,
    "m3(T_7)": 0.0737482750571985,
    "m1(T_11)": -6.33074034008807e-05,
    "m2(T_11)": -0.00019830079223015495,
    "m3(T_11)": 0.03999304745937082,
    "m1(T_13)": -0.00024407107418844554,
    "m2(T_13)": -0.00016419098449915737,
    "m3(T_13)": -0.00011316957650797654,
    "m1(T_17)": -6.788924797285212e-05,
    "m2(T_17)": 0.03924683617719571,
    "m3(T_17)": 0.012731765434141007,
    "m1(T_19)": -4.906528570813862e-05,
    "m2(T_19)": 0.022421529754048097,
    "m3(T_19)": -0.00011980459883798034,
    "m1(T_23)": -0.0001067939199919099,
    "m2(T_23)": -0.00023076916187747543,
    "m3(T_23)": -0.00020710232723275546,
    "m1(T_29)": -6.765440023603908e-05,
    "m2(T_29)": -6.512480625020522e-05,
    "m3(T_29)": -5.197872218443145e-05
  },
  "r2_by_moment": {
    "m_1": -0.0008950451934284231,
    "m_2": 0.2457398286408985,
    "m_3": 0.4248011176522659
  },
  "top_correlations": [
    {
      "feature": "m3(T_7)",
      "r": 0.38009225226532983
    },
    {
      "feature": "m3(T_5)",
      "r": 0.3607313401632662
    },
    {
      "feature": "m3(T_11)",
      "r": 0.32812904418926386
    },
    {
      "feature": "m2(T_17)",
      "r": -0.3180758307731196
    },
    {
      "feature": "m2(T_7)",
      "r": 0.3115705415914602
    },
    {
      "feature": "m2(T_19)",
      "r": -0.30605740711064977
    },
    {
      "feature": "m3(T_2)",
      "r": 0.22658812099394693
    },
    {
      "feature": "m3(T_17)",
      "r": 0.22241677255213765
    },
    {
      "feature": "m1(T_11)",
      "r": 0.21312436767227333
    },
    {
      "feature": "m1(T_5)",
      "r": 0.1951309414789984
    },
    {
      "feature": "m3(T_3)",
      "r": 0.17312868784088123
    },
    {
      "feature": "m2(T_29)",
      "r": 0.1570400579219605
    },
    {
      "feature": "m3(T_29)",
      "r": 0.1445942524105431
    },
    {
      "feature": "m1(T_29)",
      "r": 0.129604358689985
    },
    {
      "feature": "m2(T_3)",
      "r": -0.11532607088706348
    },
    {
      "feature": "m1(T_7)",
      "r": 0.11458541791790221
    },
    {
      "feature": "m1(T_2)",
      "r": 0.10787820412806987
    },
    {
      "feature": "m1(T_19)",
      "r": -0.10695119410344034
    },
    {
      "feature": "m2(T_5)",
      "r": 0.10163661549910562
    },
    {
      "feature": "m1(T_23)",
      "r": 0.0977995481070782
    }
  ],
  "semiprimes": [
    {
      "N": 55,
      "p": 5,
      "q": 11
    },
    {
      "N": 65,
      "p": 5,
      "q": 13
    },
    {
      "N": 77,
      "p": 7,
      "q": 11
    },
    {
      "N": 91,
      "p": 7,
      "q": 13
    },
    {
      "N": 119,
      "p": 7,
      "q": 17
    },
    {
      "N": 133,
      "p": 7,
      "q": 19
    },
    {
      "N": 143,
      "p": 11,
      "q": 13
    },
    {
      "N": 161,
      "p": 7,
      "q": 23
    },
    {
      "N": 187,
      "p": 11,
      "q": 17
    },
    {
      "N": 209,
      "p": 11,
      "q": 19
    },
    {
      "N": 221,
      "p": 13,
      "q": 17
    },
    {
      "N": 247,
      "p": 13,
      "q": 19
    },
    {
      "N": 253,
      "p": 11,
      "q": 23
    },
    {
      "N": 299,
      "p": 13,
      "q": 23
    },
    {
      "N": 319,
      "p": 11,
      "q": 29
    },
    {
      "N": 323,
      "p": 17,
      "q": 19
    },
    {
      "N": 341,
      "p": 11,
      "q": 31
    },
    {
      "N": 377,
      "p": 13,
      "q": 29
    },
    {
      "N": 391,
      "p": 17,
      "q": 23
    },
    {
      "N": 403,
      "p": 13,
      "q": 31
    },
    {
      "N": 437,
      "p": 19,
      "q": 23
    },
    {
      "N": 481,
      "p": 13,
      "q": 37
    },
    {
      "N": 493,
      "p": 17,
      "q": 29
    }
  ],
  "verdict": "SIGNAL -- Hecke statistics leak factor info (investigate)"
}